"id","stub_id","source_id"
108097,504,11756
108098,544,11731
108099,557,11733
108100,575,11722
108101,617,11718
108102,641,11731
108103,748,11751
108104,795,11731
108105,1008,11766
108106,1034,11729
108107,1170,11724
108108,1213,11773
108109,1278,11727
108110,1390,11772
108111,1458,11790
108112,1528,11777
108113,1798,11771
108114,1842,11751
108115,1896,11751
108116,2012,11720
108117,2020,11765
108118,2250,11755
108119,2346,11766
108120,2382,11765
108121,2594,11730
108122,2663,11735
108123,2705,11749
108124,2845,11768
108125,3091,11761
108126,3115,11733
108127,3194,11738
108128,3250,11754
108129,3281,11766
108130,3336,11778
108131,3475,11720
108132,3478,11729
108133,3552,11771
108134,3618,11761
108135,3710,11719
108136,3899,11716
108137,3988,11789
108138,4105,11753
108139,4148,11747
108140,4208,11743
108141,4310,11748
108142,4314,11731
108143,4385,11769
108144,4388,11734
108145,4405,11763
108146,4428,11776
108147,4499,11727
108148,4500,11758
108149,4621,11744
108150,4672,11741
108151,4695,11723
108152,4959,11736
108153,56,11731
108154,104,11716
108155,134,11718
108156,312,11735
108157,434,11719
108158,452,11792
108159,851,11775
108160,864,11734
108161,938,11736
108162,973,11735
108163,1231,11778
108164,1273,11728
108165,1495,11759
108166,1586,11749
108167,1606,11721
108168,1625,11721
108169,1879,11736
108170,1935,11778
108171,2271,11737
108172,2184,11742
108173,2191,11750
108174,2207,11725
108175,2347,11741
108176,2374,11772
108177,2395,11791
108178,2456,11743
108179,2508,11719
108180,2546,11767
108181,2585,11776
108182,2769,11750
108183,2863,11723
108184,2879,11726
108185,2903,11762
108186,2919,11771
108187,2925,11771
108188,3025,11718
108189,3066,11760
108190,3079,11775
108191,3114,11764
108192,3117,11728
108193,3154,11748
108194,3409,11765
108195,3438,11734
108196,3686,11731
108197,3757,11757
108198,3758,11765
108199,3763,11746
108200,3799,11765
108201,3802,11733
108202,3815,11737
108203,3894,11722
108204,3919,11724
108205,3979,11722
108206,3980,11739
108207,4047,11734
108208,4056,11735
108209,4081,11736
108210,4093,11721
108211,4319,11766
108212,4358,11740
108213,4502,11770
108214,4525,11740
108215,4652,11723
108216,4797,11725
108217,4854,11767
108218,5006,11717
108219,5020,11745
108220,5035,11733
108221,234,11788
108222,550,11787
108223,1260,11783
108224,1819,11782
108225,3981,11786
108226,270,11788
108227,1627,11787
108228,2525,11783
108229,2738,11785
108230,3209,11782
108231,2644,11781
108232,813,11779
108233,3609,11780
108234,4467,11752
108235,1705,11732
108236,2249,11774
108237,13,11775
108238,5116,11744
108239,4967,11784
108240,4204,11786
108241,4733,11784
108242,4997,11785
108243,718,11724
108244,504,12126
108245,544,12308
108246,557,12064
108247,575,12108
108248,617,11919
108249,641,12308
108250,656,11966
108251,748,12071
108252,795,12308
108253,1008,12287
108254,1034,12192
108255,1170,12237
108256,1207,11980
108257,1213,12381
108258,1215,11980
108259,1278,12192
108260,1390,12381
108261,1494,11966
108262,1616,11980
108263,1798,12134
108264,1842,12071
108265,1896,12071
108266,2012,12248
108267,2020,11845
108268,2250,12126
108269,2304,11980
108270,2346,12287
108271,2382,11845
108272,2461,11966
108273,2594,12192
108274,2663,12365
108275,2705,12211
108276,2746,11980
108277,2845,12087
108278,3011,11980
108279,3091,11949
108280,3115,12064
108281,3194,12313
108282,3250,12126
108283,3279,11980
108284,3281,12287
108285,3416,11966
108286,3472,11980
108287,3475,12248
108288,3478,12192
108289,3495,11966
108290,3552,12134
108291,3611,11935
108292,3618,11949
108293,3710,12146
108294,3726,11980
108295,3899,11906
108296,4105,12132
108297,4148,12414
108298,4208,12337
108299,4310,12211
108300,4314,12308
108301,4326,11980
108302,4385,12087
108303,4388,12365
108304,4405,11949
108305,4428,12004
108306,4459,11966
108307,4499,12192
108308,4500,12126
108309,4621,12337
108310,4672,12193
108311,4695,12237
108312,4959,12462
108313,56,12308
108314,104,11906
108315,134,11919
108316,211,11980
108317,312,12365
108318,396,11980
108319,434,12146
108320,587,11980
108321,851,12004
108322,864,12365
108323,915,11980
108324,938,12462
108325,973,12365
108326,1171,11980
108327,1273,12192
108328,1275,11980
108329,1386,11980
108330,1495,12126
108331,1586,12211
108332,1606,12248
108333,1625,12248
108334,1879,12462
108335,2271,12313
108336,2184,12193
108337,2191,12211
108338,2207,12297
108339,2294,11980
108340,2347,12193
108341,2374,12381
108342,2429,11980
108343,2456,12337
108344,2508,12146
108345,2546,12087
108346,2582,11966
108347,2585,12004
108348,2769,12211
108349,2801,11980
108350,2863,12237
108351,2879,12102
108352,2903,11949
108353,2919,12134
108354,2925,12134
108355,3025,11919
108356,3066,12126
108357,3079,12004
108358,3114,11949
108359,3117,12192
108360,3154,12211
108361,3248,11980
108362,3409,11845
108363,3420,11980
108364,3429,11935
108365,3438,12365
108366,3686,12308
108367,3757,12126
108368,3758,11845
108369,3763,12414
108370,3799,11845
108371,3802,12064
108372,3815,12313
108373,3894,12108
108374,3919,12237
108375,3979,12108
108376,3980,12313
108377,4047,12365
108378,4056,12365
108379,4081,12462
108380,4093,12248
108381,4143,11980
108382,4319,12287
108383,4358,12193
108384,4452,11980
108385,4502,12087
108386,4525,12193
108387,4651,11966
108388,4652,12237
108389,4797,12297
108390,4854,12087
108391,5006,11906
108392,5020,12414
108393,5035,12064
108394,501,12256
108395,4053,12128
108396,4203,12435
108397,163,12435
108398,800,12371
108399,989,12371
108400,2990,12209
108401,4994,12128
108402,422,12371
108403,1378,12371
108404,1403,12181
108405,2394,12209
108406,2688,12291
108407,1506,11796
108408,4624,12168
108409,1130,11915
108410,231,11800
108411,247,12138
108412,284,11916
108413,289,12415
108414,412,12361
108415,474,12010
108416,577,12048
108417,755,12437
108418,916,12168
108419,1060,12402
108420,1228,12326
108421,1347,12359
108422,1348,11978
108423,1663,11975
108424,1697,11814
108425,1752,12198
108426,1786,12008
108427,1806,12103
108428,1948,11916
108429,1978,12300
108430,2054,11844
108431,2088,11865
108432,2186,11975
108433,2198,11800
108434,2242,11832
108435,2327,12048
108436,2433,11800
108437,2505,11909
108438,2566,12345
108439,2740,12010
108440,2749,11978
108441,2884,12010
108442,3137,12246
108443,3223,12213
108444,3313,11797
108445,3377,11958
108446,3396,12088
108447,3397,12291
108448,3422,11975
108449,3432,11944
108450,3452,12213
108451,3653,12410
108452,3680,12135
108453,3707,12440
108454,3752,12451
108455,3764,12009
108456,3778,12277
108457,3816,12345
108458,3942,12059
108459,4008,11857
108460,4116,11846
108461,4163,12402
108462,4282,11797
108463,4432,12048
108464,4503,11800
108465,4626,12181
108466,4643,12458
108467,4679,12415
108468,4738,12402
108469,4747,12345
108470,4772,12437
108471,4869,11944
108472,4901,12296
108473,4903,11944
108474,4911,12009
108475,4947,11832
108476,5073,12410
108477,5138,12032
108478,5165,12415
108479,36,12359
108480,112,12088
108481,117,11909
108482,193,12415
108483,2023,12295
108484,3046,11857
108485,3129,12246
108486,4115,12326
108487,1197,12246
108488,1184,11916
108489,241,12008
108490,249,12361
108491,450,12361
108492,586,12415
108493,600,11832
108494,608,12198
108495,725,11915
108496,726,12319
108497,735,12226
108498,762,11909
108499,815,12291
108500,927,11958
108501,962,12326
108502,1018,12048
108503,1024,12292
108504,1042,12359
108505,1048,12451
108506,1049,12277
108507,1087,12300
108508,1089,12440
108509,1101,11944
108510,1230,12213
108511,1234,12103
108512,1258,11796
108513,1288,12389
108514,1309,12359
108515,1468,12359
108516,1491,12295
108517,1539,12354
108518,1694,11846
108519,1743,11915
108520,1904,12010
108521,2011,11909
108522,3369,12121
108523,2016,12027
108524,2022,12300
108525,2043,11857
108526,2123,11796
108527,2169,12296
108528,2237,12168
108529,2402,12415
108530,2424,12198
108531,2439,12088
108532,2524,11997
108533,2541,11800
108534,2543,12027
108535,2632,12296
108536,2926,12094
108537,2940,12300
108538,3018,12359
108539,3028,12437
108540,3140,12354
108541,3146,12059
108542,3152,11797
108543,3339,12008
108544,3361,12246
108545,3548,11800
108546,3614,11832
108547,3629,12226
108548,3744,11916
108549,3985,11915
108550,4155,12410
108551,4177,12048
108552,4187,11832
108553,4238,12291
108554,4312,12292
108555,4436,11975
108556,4574,12277
108557,4661,11796
108558,4686,12448
108559,4750,12121
108560,4756,12437
108561,4810,12410
108562,4811,12027
108563,4837,11997
108564,4882,11797
108565,4961,12402
108566,4979,11832
108567,5133,12423
108568,5173,12226
108569,5175,12277
108570,3,12121
108571,4030,12135
108572,4097,11865
108573,2579,11933
108574,2634,12213
108575,2587,12319
108576,1746,12359
108577,1901,12088
108578,3273,12198
108579,4486,12226
108580,4724,12300
108581,4860,12198
108582,2530,11980
108583,4149,11980
108584,4413,11980
108585,4814,12072
108586,1516,11980
108587,1680,11980
108588,3101,12363
108589,3159,11817
108590,282,11980
108591,375,11980
108592,3901,11980
108593,4100,11980
108594,305,12186
108595,578,11980
108596,711,11980
108597,3406,11980
108598,911,11980
108599,958,12341
108600,1889,11980
108601,4377,12307
108602,4467,11995
108603,4598,11980
108604,4766,11980
108605,4992,11980
108606,1705,12373
108607,2087,12195
108608,2249,11812
108609,2421,11980
108610,2709,12056
108611,5125,12053
108612,245,12376
108613,292,11870
108614,344,11977
108615,479,12190
108616,484,11876
108617,666,12202
108618,868,12301
108619,1021,12050
108620,1159,12091
108621,1165,12442
108622,1211,12190
108623,1259,11954
108624,1499,12422
108625,1535,12123
108626,1643,12442
108627,1661,12218
108628,1907,11954
108629,2063,12422
108630,2103,11878
108631,2107,12068
108632,2128,11954
108633,2277,12190
108634,2286,12091
108635,2300,12190
108636,2498,12056
108637,2553,12053
108638,2568,12202
108639,2742,11859
108640,2747,12053
108641,2797,12066
108642,2922,12201
108643,3199,12270
108644,3387,12316
108645,3535,12068
108646,3668,12346
108647,3776,11968
108648,3821,12379
108649,4044,12056
108650,4479,11878
108651,4489,11954
108652,4531,12068
108653,4603,11860
108654,4877,12346
108655,5048,12428
108656,4852,12346
108657,2621,12066
108658,129,12066
108659,470,12426
108660,625,11811
108661,772,12376
108662,842,12422
108663,875,12301
108664,880,11876
108665,1107,11860
108666,1409,12422
108667,1614,12212
108668,1682,12433
108669,2125,11847
108670,2356,12053
108671,2559,12056
108672,2911,11811
108673,2959,11878
108674,3076,12301
108675,3109,12428
108676,3191,11930
108677,3276,12426
108678,3278,12379
108679,3463,12376
108680,4586,11930
108681,4632,12305
108682,4802,12426
108683,132,12118
108684,629,12118
108685,2274,12118
108686,4696,12379
108687,2887,12118
108688,5163,12346
108689,3665,11953
108690,3865,11811
108691,4059,12426
108692,4268,11968
108693,4439,12264
108694,4532,12376
108695,4557,11968
108696,3676,11878
108697,3277,12253
108698,3950,12336
108699,4286,11949
108700,403,12336
108701,1120,12336
108702,1659,11949
108703,311,12086
108704,3595,11858
108705,1757,12086
108706,5198,12062
108707,111,11927
108708,29,12203
108709,46,12060
108710,399,12099
108711,667,12085
108712,327,12116
108713,1802,12065
108714,1080,11816
108715,1084,12084
108716,1097,11938
108717,1098,12431
108718,1106,12166
108719,1109,12099
108720,1115,12204
108721,1131,12197
108722,1560,11799
108723,1570,11983
108724,1571,12089
108725,1361,12167
108726,2648,12065
108727,1051,11901
108728,114,12075
108729,137,12197
108730,105,11899
108731,1,11973
108732,756,12002
108733,3133,12086
108734,64,12111
108735,69,11826
108736,71,11805
108737,75,12398
108738,79,12137
108739,84,12104
108740,96,12012
108741,118,12369
108742,119,12430
108743,124,12443
108744,133,12438
108745,147,11887
108746,159,12017
108747,160,12047
108748,166,12104
108749,181,12076
108750,186,12184
108751,198,12161
108752,201,12383
108753,202,12133
108754,206,11889
108755,218,12041
108756,222,11842
108757,225,12084
108758,232,11908
108759,250,12224
108760,259,12058
108761,281,11979
108762,285,12348
108763,308,11994
108764,309,12095
108765,314,12079
108766,316,12023
108767,320,12058
108768,329,11922
108769,343,11911
108770,345,12160
108771,349,12386
108772,351,12471
108773,353,12114
108774,355,11801
108775,358,12283
108776,372,11929
108777,376,12286
108778,381,11912
108779,388,12278
108780,402,12236
108781,405,12340
108782,413,12309
108783,416,12125
108784,425,12406
108785,426,12001
108786,428,12090
108787,432,11964
108788,437,12034
108789,439,12360
108790,447,12383
108791,449,12459
108792,466,12199
108793,476,12275
108794,482,11836
108795,498,12370
108796,500,12165
108797,509,12090
108798,511,11996
108799,514,12223
108800,516,12340
108801,517,12150
108802,528,12434
108803,529,11948
108804,532,12255
108805,534,12310
108806,540,12324
108807,541,12164
108808,547,12360
108809,554,11833
108810,561,12166
108811,574,11869
108812,581,11918
108813,672,12403
108814,588,11961
108815,601,12380
108816,602,12331
108817,606,12036
108818,616,12357
108819,768,12378
108820,628,12150
108821,631,12266
108822,636,11948
108823,637,12189
108824,646,12175
108825,652,12070
108826,671,12113
108827,675,12107
108828,683,12013
108829,694,12430
108830,696,11974
108831,704,12203
108832,722,12283
108833,729,11914
108834,749,12141
108835,752,12153
108836,761,11914
108837,765,11927
108838,767,11866
108839,774,11868
108840,782,12065
108841,789,12014
108842,797,11946
108843,803,11869
108844,826,11970
108845,829,11801
108846,830,12199
108847,832,12021
108848,846,11947
108849,849,12315
108850,850,11855
108851,854,12445
108852,878,12330
108853,884,11945
108854,889,12003
108855,907,12229
108856,920,12382
108857,923,11819
108858,944,11920
108859,949,12396
108860,957,12324
108861,965,12125
108862,971,12090
108863,1001,12170
108864,1015,12406
108865,1029,12069
108866,1030,12283
108867,1036,11952
108868,1044,12003
108869,1045,12133
108870,1046,11836
108871,1074,12170
108872,1076,12411
108873,1135,12095
108874,1145,12005
108875,1154,11990
108876,1164,11973
108877,1174,12419
108878,1183,12037
108879,1186,12180
108880,1199,12215
108881,1206,12390
108882,1223,11801
108883,1267,11984
108884,1290,12101
108885,1293,11926
108886,1305,12344
108887,1306,11810
108888,1307,11981
108889,1314,12015
108890,1320,12151
108891,1325,12098
108892,1332,11850
108893,1333,11810
108894,1339,12360
108895,1343,11873
108896,1350,12247
108897,1357,11869
108898,1364,12028
108899,1367,12412
108900,1368,12369
108901,1373,12109
108902,1388,11924
108903,1401,11824
108904,1416,12370
108905,1423,12252
108906,1428,12239
108907,1430,12013
108908,1445,12279
108909,1455,12369
108910,1478,12239
108911,1483,12314
108912,1488,12060
108913,1490,12175
108914,1534,12161
108915,1538,12447
108916,1543,12176
108917,1546,12378
108918,1584,11926
108919,1588,12268
108920,1595,12105
108921,1597,12176
108922,1607,12453
108923,1609,12255
108924,1613,12139
108925,1639,12306
108926,1640,12356
108927,1645,12025
108928,1655,12439
108929,1666,12429
108930,1669,12125
108931,1670,12158
108932,1674,12245
108933,1683,12304
108934,1687,12020
108935,1701,12352
108936,1712,12356
108937,1717,12141
108938,1729,12275
108939,1732,12399
108940,1735,12380
108941,1751,12189
108942,1756,11856
108943,1766,12353
108944,1771,12172
108945,1772,11994
108946,1777,12472
108947,1780,11884
108948,1781,11903
108949,1782,11946
108950,1790,12151
108951,1795,11957
108952,1800,12075
108953,1815,12040
108954,1831,11889
108955,1834,12325
108956,1836,12352
108957,1841,12245
108958,1845,11967
108959,1849,12399
108960,1851,11828
108961,1853,12078
108962,1856,12006
108963,1864,12204
108964,1866,11942
108965,1869,12215
108966,1871,11910
108967,1874,12042
108968,1883,12348
108969,1914,12074
108970,1923,11972
108971,1930,12352
108972,1936,12240
108973,1956,12187
108974,1979,12014
108975,1989,12360
108976,1999,12312
108977,2015,12223
108978,2024,12026
108979,2026,12111
108980,2030,12143
108981,2037,12390
108982,2038,11880
108983,2048,12214
108984,2049,11809
108985,2058,12152
108986,2073,11942
108987,2078,12114
108988,2090,12023
108989,2092,12040
108990,2093,12412
108991,2094,12156
108992,2095,12097
108993,2102,12100
108994,2117,12288
108995,2129,12184
108996,2147,11868
108997,2150,12447
108998,2151,12232
108999,2154,12024
109000,2155,12001
109001,2164,11983
109002,2189,12078
109003,2208,12232
109004,2211,12364
109005,2212,12236
109006,2215,11918
109007,2218,12095
109008,2223,12229
109009,2227,12217
109010,2230,11804
109011,2232,11828
109012,2238,11863
109013,2247,12377
109014,2269,12224
109015,2276,12104
109016,2278,12304
109017,2281,12196
109018,13,12004
109019,2297,12207
109020,2310,12453
109021,2324,11946
109022,2338,12130
109023,2351,12116
109024,2352,12420
109025,2362,12468
109026,2376,11927
109027,2384,12429
109028,2385,11961
109029,2387,12155
109030,2413,11863
109031,2420,12085
109032,2428,12252
109033,2432,12304
109034,2442,12100
109035,2468,12175
109036,2485,11829
109037,2486,12282
109038,2487,12162
109039,2489,11887
109040,2495,12413
109041,2497,12034
109042,2500,11843
109043,2503,11971
109044,2510,11894
109045,2535,12467
109046,2733,12204
109047,2540,12400
109048,2550,11829
109049,2552,12002
109050,2570,11927
109051,5116,12337
109052,2572,12460
109053,2588,12042
109054,2597,12328
109055,2617,12062
109056,2633,11839
109057,2643,12393
109058,2653,12467
109059,2673,11970
109060,2693,12047
109061,2697,12083
109062,2703,12099
109063,2707,12148
109064,2717,12160
109065,2729,11801
109066,2731,12439
109067,2744,12278
109068,2745,12170
109069,2758,12288
109070,2762,11829
109071,2765,11856
109072,2766,12143
109073,2770,12390
109074,2781,12105
109075,2787,12279
109076,2804,11853
109077,2813,11818
109078,2818,11853
109079,2828,12141
109080,2835,12309
109081,2837,12355
109082,2839,12148
109083,2840,12083
109084,2841,12171
109085,2853,12159
109086,2860,12070
109087,2861,12393
109088,2866,11887
109089,2880,11902
109090,2892,11945
109091,2893,11920
109092,2899,11960
109093,2907,11911
109094,2923,12347
109095,2924,11984
109096,2934,11996
109097,2935,12257
109098,2942,12149
109099,2962,12217
109100,2970,12311
109101,2972,12247
109102,2974,12425
109103,2983,12028
109104,2994,11991
109105,3003,12403
109106,3017,12069
109107,3023,11815
109108,3024,12447
109109,3027,12078
109110,3038,12378
109111,3067,12456
109112,3070,11875
109113,3082,11879
109114,3084,12176
109115,3085,12339
109116,3098,12274
109117,3119,11850
109118,3122,11839
109119,3128,12096
109120,3132,11819
109121,3138,11864
109122,3145,12122
109123,3171,12285
109124,3173,12408
109125,3176,12466
109126,3178,12013
109127,3181,11956
109128,3186,11917
109129,3193,11858
109130,3195,12055
109131,3206,12092
109132,3220,12214
109133,3228,12317
109134,3229,12419
109135,3232,11799
109136,3242,12041
109137,3243,12459
109138,3245,11829
109139,3254,12051
109140,3260,12464
109141,3280,12158
109142,3302,12075
109143,3307,12172
109144,3309,11938
109145,3320,12025
109146,3326,12073
109147,3331,12331
109148,3334,12107
109149,3337,12116
109150,3338,12069
109151,3341,12353
109152,3346,12267
109153,3351,12438
109154,3355,12397
109155,3358,11842
109156,3359,11854
109157,3402,12187
109158,3421,11822
109159,3430,12006
109160,3435,11986
109161,3450,12324
109162,3466,11964
109163,3467,12185
109164,3480,12404
109165,3482,12273
109166,3485,12397
109167,3497,12400
109168,3498,11837
109169,3500,12083
109170,3502,12367
109171,3518,12396
109172,3532,11937
109173,3533,12040
109174,3538,12311
109175,3561,12333
109176,3597,12184
109177,3598,12240
109178,3600,12147
109179,3604,11841
109180,3607,12286
109181,3634,12382
109182,3635,12355
109183,3642,11983
109184,3666,12111
109185,3667,12164
109186,3675,11912
109187,3851,11911
109188,3717,11884
109189,3721,12357
109190,3728,11842
109191,3733,11998
109192,3735,12207
109193,3739,11934
109194,3740,11815
109195,3741,11815
109196,3754,12395
109197,3805,11851
109198,3766,12421
109199,3768,12233
109200,3777,12429
109201,3779,11798
109202,3781,12303
109203,3785,12460
109204,3791,12378
109205,3806,11955
109206,3808,12445
109207,3810,11843
109208,3824,12001
109209,3833,11887
109210,3835,12183
109211,3843,12331
109212,3845,12147
109213,3848,12265
109214,3857,11804
109215,3858,12314
109216,3862,11955
109217,3872,11910
109218,3898,11913
109219,3904,12380
109220,3905,12081
109221,3906,12324
109222,3911,11855
109223,3915,12425
109224,3917,12099
109225,3921,12256
109226,3922,12097
109227,3926,11938
109228,3939,12228
109229,3946,12399
109230,3952,11899
109231,3967,12257
109232,3969,12432
109233,3972,11823
109234,3974,12157
109235,3984,12034
109236,3990,12382
109237,3997,11888
109238,3998,12366
109239,4011,11824
109240,4016,12355
109241,4023,11893
109242,4024,12405
109243,4026,11941
109244,4048,12200
109245,4061,12020
109246,4064,11947
109247,4078,11972
109248,4088,12468
109249,4098,12258
109250,4119,12074
109251,4121,12055
109252,4122,12085
109253,4126,12129
109254,4136,12466
109255,4139,11905
109256,4142,12412
109257,4144,12425
109258,4151,11960
109259,4153,11934
109260,4161,12058
109261,4168,12122
109262,4169,11974
109263,4180,12172
109264,4194,12133
109265,4213,12165
109266,4222,12199
109267,4225,12120
109268,4230,12222
109269,4241,11983
109270,4244,12314
109271,4251,11794
109272,4252,11828
109273,4255,12217
109274,4267,12383
109275,4270,12189
109276,4281,11893
109277,4289,12321
109278,4294,11893
109279,4299,12130
109280,4304,12200
109281,4315,12046
109282,4339,11818
109283,4342,12411
109284,4346,11990
109285,4350,12086
109286,4357,11875
109287,4360,11932
109288,4363,12041
109289,4371,11960
109290,4381,12432
109291,4384,11856
109292,4389,12282
109293,4390,11841
109294,4393,12387
109295,4406,12015
109296,4410,12236
109297,4411,11899
109298,4419,11862
109299,4424,12185
109300,4456,12164
109301,4466,11979
109302,4483,12444
109303,4487,12092
109304,4491,11889
109305,4492,12266
109306,4523,11818
109307,4526,11929
109308,4528,11873
109309,4551,11864
109310,4552,12309
109311,4554,12020
109312,4581,12012
109313,4600,11961
109314,4616,11869
109315,4625,11874
109316,4646,12079
109317,4654,11881
109318,4660,12314
109319,4665,11967
109320,4674,12041
109321,4677,11809
109322,4698,12471
109323,4699,11855
109324,4702,12282
109325,4708,11850
109326,4716,12325
109327,4723,11818
109328,4726,12387
109329,4745,12141
109330,4757,12196
109331,4767,12139
109332,4768,11941
109333,4780,12427
109334,4782,12265
109335,4792,11929
109336,4800,11971
109337,4816,12197
109338,4819,11912
109339,4820,11875
109340,4825,12047
109341,4832,12327
109342,4833,12063
109343,4840,12286
109344,4841,12254
109345,4863,12438
109346,4864,11913
109347,4865,12090
109348,4870,11874
109349,4900,12280
109350,4904,11833
109351,4951,12431
109352,4923,11940
109353,4924,11863
109354,4926,11900
109355,4928,12097
109356,4932,12024
109357,4941,11830
109358,4965,11837
109359,4970,12223
109360,4973,12173
109361,4975,12269
109362,4977,12360
109363,4978,12392
109364,4988,12098
109365,4991,12419
109366,5002,12409
109367,5004,12037
109368,5011,12028
109369,5023,12464
109370,5031,12113
109371,5036,12445
109372,5038,12409
109373,5047,12357
109374,5050,11873
109375,5057,12200
109376,5064,12344
109377,5071,12265
109378,5072,11833
109379,5076,12166
109380,5078,12057
109381,5080,12432
109382,5082,12386
109383,5086,12377
109384,5091,12160
109385,5101,11920
109386,5120,12427
109387,5122,12073
109388,5126,11805
109389,5128,12159
109390,5134,12258
109391,5137,11952
109392,5139,11826
109393,5140,12383
109394,5142,12084
109395,5150,11942
109396,5157,12240
109397,5164,12051
109398,261,12413
109399,740,12404
109400,1945,12464
109401,431,12060
109402,436,12114
109403,442,11841
109404,1095,12340
109405,47,12459
109406,48,11937
109407,53,12154
109408,1068,12340
109409,1136,12167
109410,2,12470
109411,8,12398
109412,20,12470
109413,40,12395
109414,41,12347
109415,42,11912
109416,54,11934
109417,59,12069
109418,76,12217
109419,77,12460
109420,78,12151
109421,87,12377
109422,98,12364
109423,99,11981
109424,102,11982
109425,121,12271
109426,128,12109
109427,135,12456
109428,139,12310
109429,152,12002
109430,170,12215
109431,174,12463
109432,192,12309
109433,210,12207
109434,230,11940
109435,239,12148
109436,253,11973
109437,254,12265
109438,262,12452
109439,265,12130
109440,271,12197
109441,294,12438
109442,302,11902
109443,303,12261
109444,318,12223
109445,323,12155
109446,324,12150
109447,326,12200
109448,328,11854
109449,331,12311
109450,334,11926
109451,354,11982
109452,360,12222
109453,391,12380
109454,392,12360
109455,397,11924
109456,404,12187
109457,409,11990
109458,414,12122
109459,423,12262
109460,429,11994
109461,459,12165
109462,464,12037
109463,471,12023
109464,490,11816
109465,492,12149
109466,506,12184
109467,513,12210
109468,524,12095
109469,535,11996
109470,538,11946
109471,552,12158
109472,555,12275
109473,559,12393
109474,567,12453
109475,570,12046
109476,584,11862
109477,598,12149
109478,599,12154
109479,607,12315
109480,769,12167
109481,618,11858
109482,620,12256
109483,622,11903
109484,634,12367
109485,635,11874
109486,642,12203
109487,644,12006
109488,645,12265
109489,647,11830
109490,658,11917
109491,661,12233
109492,662,12306
109493,664,12178
109494,676,12434
109495,706,12274
109496,713,11928
109497,723,12347
109498,731,12096
109499,734,11908
109500,738,12222
109501,739,12315
109502,754,12247
109503,764,12353
109504,777,12079
109505,781,11854
109506,788,11803
109507,806,11807
109508,809,12170
109509,810,11990
109510,834,12100
109511,837,11842
109512,838,12224
109513,841,12114
109514,845,12444
109515,896,12392
109516,852,12421
109517,853,12060
109518,858,12077
109519,866,12160
109520,877,12026
109521,882,12229
109522,894,12472
109523,902,12196
109524,903,12233
109525,906,12075
109526,908,12288
109527,919,12245
109528,932,12051
109529,945,12194
109530,952,12214
109531,953,12280
109532,963,12089
109533,972,12194
109534,981,12109
109535,990,12261
109536,1000,12152
109537,1003,12017
109538,1005,11841
109539,1007,12325
109540,1010,11932
109541,1027,11938
109542,1028,12267
109543,1031,11853
109544,1038,12370
109545,1041,11872
109546,1073,12464
109547,1075,11877
109548,1077,12083
109549,1079,11984
109550,1081,12356
109551,1082,12378
109552,1092,12228
109553,1094,12092
109554,1096,11998
109555,1103,12098
109556,1111,12331
109557,1143,12352
109558,1147,12228
109559,1150,12171
109560,1168,11984
109561,1181,12472
109562,1195,12390
109563,1200,12355
109564,1205,12021
109565,1216,12269
109566,1224,11893
109567,1242,12262
109568,1245,12374
109569,1247,12024
109570,1256,12317
109571,1266,11922
109572,1271,11900
109573,1277,11956
109574,1287,12274
109575,1289,12393
109576,1297,12173
109577,1326,12207
109578,1327,11924
109579,1334,11873
109580,1338,12391
109581,1349,12377
109582,1363,12040
109583,1380,12255
109584,1381,11891
109585,1384,12153
109586,1385,12145
109587,1396,11828
109588,1404,12284
109589,1413,11874
109590,1426,11959
109591,1436,12122
109592,1447,11960
109593,1451,12173
109594,1459,11998
109595,1467,12145
109596,1489,11810
109597,1501,11955
109598,1507,12413
109599,1514,11994
109600,1747,11864
109601,1542,12444
109602,1547,11830
109603,1551,11982
109604,1556,12318
109605,1562,12151
109606,1573,12055
109607,1579,11985
109608,1581,12172
109609,1589,11917
109610,1596,11979
109611,1700,12269
109612,1603,12348
109613,1617,12403
109614,1623,11959
109615,1629,11910
109616,1630,12159
109617,1647,12013
109618,1651,12113
109619,1657,12240
109620,1660,11804
109621,1664,12156
109622,1665,12387
109623,1672,12161
109624,1673,12459
109625,1675,12057
109626,1676,12005
109627,1677,12026
109628,1679,12444
109629,1688,12318
109630,1691,12252
109631,1692,12333
109632,1693,11868
109633,1699,12404
109634,1702,11848
109635,1721,12074
109636,1727,12077
109637,1728,12120
109638,1734,12100
109639,1738,12328
109640,1739,12284
109641,1740,11937
109642,1745,11902
109643,1753,12173
109644,1755,12470
109645,1765,11955
109646,1787,12413
109647,1797,11854
109648,1799,12405
109649,1803,12104
109650,1827,12386
109651,1840,12258
109652,1848,11872
109653,1865,11835
109654,1880,12165
109655,1884,11858
109656,1886,11971
109657,1887,12430
109658,1893,11905
109659,1894,11848
109660,1895,11903
109661,1903,12468
109662,1911,12238
109663,1922,11981
109664,1926,12447
109665,1927,11826
109666,1929,12149
109667,1933,12378
109668,1960,12194
109669,1961,12022
109670,1962,12333
109671,1965,11961
109672,1967,12315
109673,1971,12409
109674,2289,12020
109675,1977,12294
109676,2301,12312
109677,1993,12047
109678,1997,11923
109679,1998,12420
109680,2008,12366
109681,2009,12076
109682,2014,11853
109683,2019,12347
109684,2033,12130
109685,2040,11934
109686,2047,12180
109687,2052,12148
109688,2053,12057
109689,2059,12159
109690,2067,12051
109691,2071,12344
109692,2074,11964
109693,2075,12279
109694,2080,11932
109695,2082,11833
109696,2101,11840
109697,2104,12152
109698,2122,12076
109699,2131,12003
109700,2133,12145
109701,2138,12460
109702,2149,12044
109703,2172,11967
109704,2177,12129
109705,2193,11877
109706,2201,12147
109707,2244,11799
109708,2265,11826
109709,2272,12026
109710,2279,12245
109711,2288,12397
109712,2290,12304
109713,2291,12166
109714,2293,12294
109715,2295,11835
109716,2298,11979
109717,2306,12205
109718,2312,11824
109719,2315,12205
109720,2316,12185
109721,2322,12171
109722,2323,12077
109723,2325,12408
109724,2340,12386
109725,2349,12431
109726,2353,11982
109727,2360,12014
109728,2367,12312
109729,2369,12312
109730,2371,12203
109731,2386,12467
109732,2403,12180
109733,2408,12285
109734,2409,12275
109735,2412,11830
109736,2416,12328
109737,2417,12161
109738,2418,12233
109739,2423,12120
109740,2479,11923
109741,2488,11794
109742,2492,12420
109743,2493,12369
109744,2501,11905
109745,2504,12395
109746,2507,11985
109747,2509,12421
109748,2518,12189
109749,2529,11891
109750,2531,11900
109751,2533,12038
109752,2538,11918
109753,2539,12431
109754,2545,12199
109755,2556,11819
109756,2576,12409
109757,2581,11868
109758,2589,12153
109759,2602,12005
109760,2603,12096
109761,2606,11877
109762,2618,12105
109763,2623,11901
109764,2625,12081
109765,2626,11903
109766,2636,12392
109767,2650,11864
109768,2656,11947
109769,2660,12427
109770,2661,11932
109771,2671,12367
109772,2674,12374
109773,2683,12310
109774,2691,12070
109775,2706,12452
109776,2720,11971
109777,2721,12257
109778,2732,11822
109779,2737,12021
109780,2753,12391
109781,2755,12228
109782,2767,12074
109783,2768,11901
109784,2775,12105
109785,2792,12005
109786,2798,12017
109787,2842,11850
109788,2850,12288
109789,2852,11866
109790,2856,12286
109791,2858,12254
109792,2864,12284
109793,2928,12282
109794,2867,12408
109795,2870,11952
109796,2898,12062
109797,2901,11840
109798,2913,12378
109799,2915,12015
109800,2916,12271
109801,2945,12109
109802,2947,11967
109803,2961,12098
109804,2968,12400
109805,2971,12125
109806,2975,11862
109807,2978,12042
109808,2982,12439
109809,2984,11948
109810,2986,12388
109811,3004,11894
109812,3006,12279
109813,3020,11988
109814,3022,12014
109815,3036,11923
109816,3051,12062
109817,3052,12269
109818,3054,12022
109819,3062,12216
109820,3065,12097
109821,3089,12196
109822,3092,12366
109823,3095,12236
109824,3112,12306
109825,3135,11905
109826,3150,11839
109827,3161,12057
109828,3329,11947
109829,3162,12153
109830,3164,12152
109831,3175,12178
109832,3180,11970
109833,3183,12370
109834,3184,11822
109835,3185,12052
109836,3200,12012
109837,3208,12006
109838,3225,11970
109839,3227,12055
109840,3235,11855
109841,3236,12290
109842,3238,11922
109843,3239,12257
109844,3240,11824
109845,3247,12360
109846,3252,12318
109847,3259,11928
109848,3265,12434
109849,3286,12137
109850,3291,12079
109851,3299,11881
109852,3332,12042
109853,3357,12453
109854,3364,12078
109855,3365,11974
109856,3372,12452
109857,3375,12139
109858,3381,12378
109859,3382,12092
109860,3384,12432
109861,3385,12205
109862,3388,11838
109863,3391,12037
109864,3404,12215
109865,3453,11888
109866,3424,12285
109867,3442,12274
109868,3443,12150
109869,3445,12224
109870,3446,12327
109871,3447,12325
109872,3457,12278
109873,3460,11888
109874,3474,11902
109875,3476,12419
109876,3616,12210
109877,3479,12268
109878,3504,12411
109879,3509,11799
109880,3523,12070
109881,3529,12360
109882,3530,12430
109883,3588,11835
109884,3557,12396
109885,3562,11911
109886,3571,11856
109887,3576,12158
109888,3583,11866
109889,3585,11937
109890,3587,11959
109891,3596,12133
109892,3602,11819
109893,3605,11804
109894,3610,11959
109895,3631,11815
109896,3646,12314
109897,3652,11901
109898,3659,12145
109899,3660,11866
109900,3662,11794
109901,3678,12268
109902,3682,11888
109903,3683,11940
109904,3684,12327
109905,3693,12328
109906,3697,11923
109907,3701,12266
109908,3712,12425
109909,3713,12405
109910,3714,12096
109911,3734,12178
109912,3748,12001
109913,3756,12357
109914,3772,11891
109915,3803,12116
109916,3804,11973
109917,3982,12204
109918,3828,12111
109919,3836,12278
109920,3842,12429
109921,3849,12089
109922,3859,11996
109923,3864,11924
109924,3868,12471
109925,3878,12171
109926,3890,12395
109927,3892,12139
109928,3900,11928
109929,3913,11914
109930,3929,11945
109931,3930,12123
109932,3938,12222
109933,3951,12470
109934,3973,11836
109935,3987,12137
109936,3989,12382
109937,3992,11794
109938,3994,11889
109939,4002,12194
109940,4004,12403
109941,4034,12468
109942,4040,11816
109943,4128,12036
109944,4130,12101
109945,4150,12155
109946,4158,11941
109947,4172,12472
109948,4189,12330
109949,4192,12003
109950,4195,12058
109951,4198,12187
109952,4200,12408
109953,4202,11839
109954,4209,12348
109955,4211,11900
109956,4212,11920
109957,4214,12084
109958,4242,11837
109959,4245,12031
109960,4246,12471
109961,4247,12298
109962,4250,12353
109963,4254,12023
109964,4257,12317
109965,4269,12439
109966,4275,12157
109967,4283,11798
109968,4295,12081
109969,4309,12443
109970,4331,12077
109971,4335,11945
109972,4338,12137
109973,4348,12018
109974,4355,12421
109975,4367,12178
109976,4373,12247
109977,4375,12443
109978,4376,11835
109979,4380,12155
109980,4382,11985
109981,4558,11998
109982,4391,11981
109983,4395,12374
109984,4407,12255
109985,4427,12081
109986,4429,12285
109987,4431,12452
109988,4451,12012
109989,4458,11872
109990,4460,12268
109991,4462,12085
109992,4464,12262
109993,4482,12310
109994,4484,11918
109995,4485,12167
109996,4490,12157
109997,4505,12147
109998,4518,12265
109999,4519,12017
110000,4522,12256
110001,4524,11942
110002,4534,12367
110003,4537,11922
110004,4538,12283
110005,4539,12445
110006,4547,12065
110007,4553,12327
110008,4565,12323
110009,4591,12283
110010,4606,12002
110011,4612,11838
110012,4619,11926
110013,4622,12284
110014,4628,11803
110015,4630,12034
110016,4634,11928
110017,4639,12333
110018,4640,12396
110019,4645,12038
110020,4647,12214
110021,4649,11862
110022,4663,12399
110023,4691,12427
110024,4700,12317
110025,4703,12089
110026,4710,12175
110027,4725,12021
110028,4727,12015
110029,4730,11940
110030,4735,12205
110031,4736,12232
110032,4740,12397
110033,4748,12120
110034,4798,12107
110035,4808,12229
110036,4838,11884
110037,4855,11836
110038,4872,12412
110039,4906,12046
110040,4909,12164
110041,4912,11948
110042,4916,11899
110043,4917,11877
110044,4933,11910
110045,4934,12434
110046,4940,12232
110047,4943,11884
110048,4949,11974
110049,4969,11891
110050,4974,12176
110051,4981,12185
110052,4984,12266
110053,4985,12076
110054,4995,12254
110055,5033,12271
110056,5040,12384
110057,5041,11872
110058,5053,12420
110059,5054,12388
110060,5070,12180
110061,5075,11952
110062,5160,12400
110063,5141,12252
110064,5148,12356
110065,5149,12344
110066,5170,12154
110067,5176,11914
110068,5178,12467
110069,5179,12107
110070,5186,12273
110071,5189,12387
110072,5191,12405
110073,5192,12154
110074,5203,12258
110075,4790,12024
110076,5195,12157
110077,1233,12366
110078,1575,12404
110079,4317,12311
110080,4927,11816
110081,2938,12254
110082,1229,11837
110083,4942,11929
110084,5079,12124
110085,257,12423
110086,455,12362
110087,750,12174
110088,1050,12174
110089,1321,12362
110090,1654,12362
110091,1662,12362
110092,2357,12124
110093,3107,12124
110094,3197,12191
110095,3425,12124
110096,3827,11931
110097,4108,11943
110098,994,12362
110099,995,12174
110100,1813,12174
110101,1899,11931
110102,2171,12362
110103,2612,12124
110104,2829,12362
110105,2950,11943
110106,3201,12423
110107,3459,12124
110108,3661,12124
110109,776,12191
110110,65,12323
110111,686,12238
110112,1878,11858
110113,4000,12323
110114,4813,11858
110115,2727,12281
110116,25,11962
110117,30,11821
110118,34,11890
110119,35,12054
110120,51,12389
110121,93,11939
110122,109,11987
110123,113,12007
110124,122,12293
110125,130,11871
110126,187,12416
110127,216,11886
110128,221,11825
110129,226,12407
110130,248,12251
110131,260,11950
110132,280,12424
110133,322,12249
110134,342,11795
110135,346,12418
110136,363,12441
110137,390,11925
110138,435,11925
110139,438,12465
110140,457,12424
110141,518,12169
110142,526,12043
110143,536,12372
110144,556,12115
110145,579,12272
110146,592,11871
110147,597,12358
110148,623,12029
110149,638,12335
110150,655,11963
110151,665,11936
110152,670,11820
110153,674,11882
110154,689,11963
110155,695,12351
110156,699,12263
110157,720,12449
110158,730,12320
110159,746,12000
110160,2757,12302
110161,779,11867
110162,783,12136
110163,823,12457
110164,862,12450
110165,876,11987
110166,885,11896
110167,900,12231
110168,917,12416
110169,928,11992
110170,991,12225
110171,1012,12067
110172,1056,12144
110173,1059,11831
110174,1117,12276
110175,1185,11904
110176,1232,12417
110177,1238,12343
110178,1250,12220
110179,1324,11999
110180,1355,12127
110181,1376,11969
110182,1418,12450
110183,1419,12177
110184,1425,12293
110185,1487,12424
110186,1518,12208
110187,1531,12244
110188,1566,11821
110189,1587,12424
110190,1610,12389
110191,1615,12349
110192,1637,11987
110193,1684,12334
110194,1709,11793
110195,1730,12163
110196,1733,12049
110197,1737,12115
110198,1748,11834
110199,1754,12417
110200,1774,12208
110201,1788,11852
110202,1829,12441
110203,1830,12263
110204,1844,11849
110205,1858,11808
110206,1872,12385
110207,1888,12389
110208,1891,11936
110209,1938,12332
110210,1972,12144
110211,1980,12061
110212,1984,12082
110213,2002,12221
110214,2005,12011
110215,2007,12322
110216,2027,12260
110217,2051,12455
110218,2099,12272
110219,2135,12243
110220,2139,12276
110221,2140,12169
110222,2153,12144
110223,2165,11904
110224,2176,11871
110225,2179,12000
110226,2196,12007
110227,2220,12329
110228,2234,12418
110229,2254,12016
110230,2261,11813
110231,2263,12375
110232,2273,11867
110233,2287,11871
110234,2305,12019
110235,2329,12225
110236,2379,12436
110237,2381,11892
110238,2407,11820
110239,2427,12230
110240,2430,12054
110241,2435,12011
110242,2460,11993
110243,2514,12465
110244,2519,12016
110245,2562,12416
110246,2577,12039
110247,2630,11890
110248,2631,12179
110249,2641,12220
110250,2646,12455
110251,2657,11820
110252,2680,11795
110253,2759,12281
110254,2763,12227
110255,2774,12131
110256,2777,11962
110257,2796,12235
110258,2799,12119
110259,2814,11808
110260,2816,12117
110261,2834,11886
110262,2843,12080
110263,2846,11813
110264,2847,12446
110265,2851,11921
110266,2877,11808
110267,2963,12106
110268,2965,11951
110269,4052,12244
110270,3045,12206
110271,3090,12136
110272,3103,11993
110273,3170,12054
110274,3187,12322
110275,3215,12110
110276,3251,12455
110277,3263,12235
110278,3264,12231
110279,3266,12299
110280,3271,11793
110281,3284,11976
110282,3290,12045
110283,3374,11806
110284,3427,12177
110285,3451,12208
110286,3501,12338
110287,3503,12221
110288,3916,12436
110289,3506,12182
110290,3516,11793
110291,3534,12049
110292,3536,12394
110293,3540,12329
110294,3601,12329
110295,3633,11992
110296,3647,12450
110297,3671,11802
110298,3700,12188
110299,3711,12368
110300,3723,12251
110301,3724,12349
110302,3743,12320
110303,3788,12329
110304,3844,12221
110305,3853,12260
110306,3855,11892
110307,3863,12450
110308,3867,12260
110309,3879,11936
110310,3880,12263
110311,3893,12289
110312,3918,12030
110313,3936,11882
110314,3975,12235
110315,3995,11992
110316,4017,11976
110317,4018,12029
110318,4025,12250
110319,4039,12342
110320,4051,11806
110321,4083,11992
110322,4129,12163
110323,4181,12454
110324,4277,12322
110325,4297,12061
110326,4306,12030
110327,4307,12231
110328,4403,12385
110329,4412,12206
110330,4426,12208
110331,4444,11921
110332,4449,12045
110333,4468,11962
110334,4475,12372
110335,4495,11943
110336,4501,12093
110337,4517,12368
110338,4540,12281
110339,4546,12231
110340,4579,12049
110341,4593,12033
110342,4599,12449
110343,4627,11813
110344,4668,11965
110345,4670,12093
110346,4689,11802
110347,4721,12417
110348,4751,11834
110349,4752,12281
110350,4753,12234
110351,4765,12372
110352,4787,12169
110353,4812,11821
110354,4828,12249
110355,4831,12465
110356,4849,12302
110357,4851,11834
110358,5127,12225
110359,5154,11989
110360,5200,12418
110361,1592,12259
110362,1605,12436
110363,1924,12368
110364,4197,11951
110365,4215,12043
110366,4892,12000
110367,4910,12449
110368,4929,11852
110369,4945,11802
110370,4946,12454
110371,4950,11852
110372,4954,12242
110373,4996,12368
110374,5084,11849
110375,5089,12142
110376,5119,12349
110377,15,11795
110378,33,12334
110379,62,12039
110380,80,12082
110381,92,12263
110382,115,12011
110383,158,12249
110384,162,12045
110385,188,12230
110386,204,12110
110387,208,11951
110388,213,11969
110389,235,12289
110390,238,12241
110391,279,12049
110392,283,12093
110393,286,11827
110394,306,11896
110395,307,12110
110396,350,12082
110397,352,12136
110398,368,12401
110399,385,11892
110400,406,12446
110401,421,12182
110402,443,11793
110403,461,12418
110404,463,11867
110405,475,12372
110406,520,11886
110407,549,12320
110408,560,12131
110409,576,12332
110410,594,12179
110411,612,12244
110412,614,12241
110413,650,11849
110414,687,11852
110415,717,12045
110416,724,12220
110417,736,11861
110418,745,12033
110419,759,11820
110420,785,12082
110421,807,11989
110422,833,11939
110423,861,11883
110424,909,12169
110425,910,11993
110426,926,12293
110427,931,11950
110428,970,12227
110429,996,11827
110430,997,11882
110431,1033,11989
110432,1099,11999
110433,1102,12019
110434,1105,12289
110435,1129,12234
110436,1134,11951
110437,1148,11965
110438,1157,12342
110439,1221,12335
110440,1262,12343
110441,1276,12320
110442,1280,12454
110443,1310,12461
110444,1331,12259
110445,1335,12019
110446,1336,12117
110447,1356,11999
110448,1372,12140
110449,1374,12394
110450,1379,12093
110451,1415,12030
110452,1431,11883
110453,1439,12206
110454,1448,12250
110455,1457,11825
110456,1477,12335
110457,1537,12043
110458,1550,12342
110459,1626,12177
110460,1725,12299
110461,1731,11943
110462,1758,11943
110463,1804,12115
110464,1838,12029
110465,1861,12417
110466,1868,11890
110467,1873,12119
110468,1882,11904
110469,1885,12220
110470,1900,12272
110471,1905,12244
110472,1928,11962
110473,1931,12375
110474,1943,12054
110475,1944,12343
110476,1949,11976
110477,1955,12375
110478,1966,11907
110479,1986,11921
110480,1987,11821
110481,2025,12179
110482,2116,12338
110483,2166,12260
110484,2168,12119
110485,2178,12349
110486,2185,12110
110487,2203,12322
110488,2209,12115
110489,2214,12206
110490,2216,12117
110491,2224,12080
110492,2239,12067
110493,2241,12457
110494,2275,11989
110495,2303,12389
110496,2309,12035
110497,2335,11892
110498,2344,12235
110499,2359,12163
110500,2368,11895
110501,2375,12039
110502,2380,11883
110503,2426,12140
110504,2463,12117
110505,2467,12251
110506,2520,11808
110507,2523,11898
110508,2537,11849
110509,2557,11886
110510,2586,11999
110511,2590,12358
110512,2591,12461
110513,2610,11896
110514,2622,12302
110515,2635,12401
110516,2652,12182
110517,2669,11883
110518,2689,12334
110519,2690,12080
110520,2704,12182
110521,2748,11965
110522,2750,11827
110523,2754,12230
110524,2764,12241
110525,2802,12276
110526,2808,12163
110527,2836,12334
110528,2951,12338
110529,2967,12177
110530,2973,12441
110531,3039,11834
110532,3111,12230
110533,3144,12007
110534,3153,12335
110535,3163,11897
110536,3211,12457
110537,3257,12436
110538,3285,11802
110539,3295,12243
110540,3300,12033
110541,3304,11936
110542,3311,12276
110543,3330,12179
110544,3347,12033
110545,3393,12241
110546,3407,12080
110547,3434,12067
110548,3440,12007
110549,3468,12441
110550,3487,11963
110551,3524,11831
110552,3531,11987
110553,3537,12029
110554,3574,12242
110555,3582,12302
110556,3591,12016
110557,3608,12243
110558,3615,12249
110559,3626,12242
110560,3627,12461
110561,3628,12136
110562,3637,12272
110563,3670,12131
110564,3679,11993
110565,3690,12000
110566,3718,12127
110567,3729,12375
110568,3731,11950
110569,3762,12401
110570,3775,11925
110571,3830,12140
110572,3846,12242
110573,3866,11806
110574,3877,12394
110575,3928,12144
110576,3944,12385
110577,3954,12061
110578,3956,12030
110579,3957,12343
110580,3966,11976
110581,4028,12234
110582,4033,12407
110583,4035,11867
110584,4043,11825
110585,4049,12011
110586,4065,11861
110587,4066,12416
110588,4070,12016
110589,4074,11969
110590,4076,12449
110591,4080,12140
110592,4099,11825
110593,4112,12457
110594,4137,11795
110595,4183,11943
110596,4196,11827
110597,4218,12234
110598,4236,11882
110599,4237,12407
110600,4272,11939
110601,4274,12332
110602,4285,11897
110603,4293,11969
110604,4323,12289
110605,4329,12358
110606,4332,12350
110607,4354,12225
110608,4379,11939
110609,4470,11965
110610,4507,11897
110611,4516,12250
110612,4533,12401
110613,4560,12293
110614,4580,12338
110615,4583,12394
110616,4588,11897
110617,4637,11921
110618,4667,12243
110619,505,11963
110620,778,12455
110621,3270,11890
110622,4971,12251
110623,4982,12043
110624,4987,11861
110625,4676,12358
110626,4683,12250
110627,4707,12221
110628,4714,12461
110629,4737,12385
110630,4754,12119
110631,1160,12067
110632,2482,12061
110633,150,12112
110634,733,11813
110635,2722,11950
110636,4775,11925
110637,4779,12407
110638,4801,11904
110639,4805,11861
110640,4890,12131
110641,2536,12469
110642,3297,11832
110643,4937,12469
110644,24,11885
110645,212,12048
110646,1574,11885
110647,4067,12191
110648,718,12237
110649,1126,12336
110650,1793,12219
110651,2345,12253
110652,2297,12478
110653,210,12478
110654,3735,12478
110655,1326,12478
110656,4017,12887
110657,1949,12887
110658,3284,12887
110659,3966,12887
110660,1361,12643
110661,1136,12643
110662,4485,12643
110663,769,12643
110664,2241,13011
110665,823,13011
110666,4112,13011
110667,3211,13011
110668,4468,12651
110669,1928,12651
110670,25,12651
110671,2777,12651
110672,4065,12753
110673,736,12753
110674,4805,12753
110675,4987,12753
110676,1861,12947
110677,4721,12947
110678,1754,12947
110679,1232,12947
110680,3239,12931
110681,2721,12931
110682,2935,12931
110683,3967,12931
110684,2263,12556
110685,3729,12556
110686,1955,12556
110687,1931,12556
110688,695,12732
110689,188,13001
110690,2427,13001
110691,3111,13001
110692,2754,13001
110693,198,12709
110694,1672,12709
110695,2417,12709
110696,1534,12709
110697,309,12658
110698,524,12658
110699,2218,12658
110700,1135,12658
110701,3828,12848
110702,3666,12848
110703,64,12848
110704,2026,12848
110705,501,12913
110706,620,12913
110707,3921,12913
110708,4522,12913
110709,1782,12673
110710,2324,12673
110711,538,12673
110712,797,12673
110713,2090,12568
110714,4254,12568
110715,471,12568
110716,316,12568
110717,4640,12500
110718,3557,12500
110719,949,12500
110720,3518,12500
110721,2329,12868
110722,4354,12868
110723,991,12868
110724,5127,12868
110725,3678,12712
110726,3479,12712
110727,1588,12712
110728,4460,12712
110729,3095,12531
110730,402,12531
110731,4410,12531
110732,2212,12531
110733,722,12977
110734,4591,12977
110735,358,12977
110736,1030,12977
110737,4538,12977
110738,2349,12698
110739,1098,12698
110740,2539,12698
110741,4951,12698
110742,662,12912
110743,1639,12912
110744,3112,12912
110745,323,12978
110746,2387,12978
110747,4380,12978
110748,4150,12978
110749,4537,12967
110750,329,12967
110751,3238,12967
110752,1266,12967
110753,4033,12972
110754,4237,12972
110755,226,12972
110756,4779,12972
110757,1148,12483
110758,4668,12483
110759,2748,12483
110760,4470,12483
110761,3045,12608
110762,2214,12608
110763,4412,12608
110764,1439,12608
110765,1120,12959
110766,1126,12959
110767,403,12959
110768,3950,12959
110769,1117,12529
110770,2802,12529
110771,2139,12529
110772,3311,12529
110773,2758,12631
110774,908,12631
110775,2850,12631
110776,2117,12631
110777,1739,12490
110778,4622,12490
110779,1404,12490
110780,2864,12490
110781,3133,12678
110782,4350,12678
110783,1757,12678
110784,311,12678
110785,4136,12827
110786,3176,12827
110787,838,12823
110788,250,12823
110789,3445,12823
110790,2269,12823
110791,1333,12851
110792,1306,12851
110793,1489,12851
110794,2893,12711
110795,4212,12711
110796,944,12711
110797,5101,12711
110798,4689,12758
110799,3285,12758
110800,4945,12758
110801,3671,12758
110802,2986,12944
110803,5054,12944
110804,4272,12522
110805,833,12522
110806,4379,12522
110807,93,12522
110808,2005,12988
110809,115,12988
110810,4049,12988
110811,2435,12988
110812,2610,12507
110813,306,12507
110814,885,12507
110815,3951,12648
110816,2,12648
110817,20,12648
110818,1755,12648
110819,3740,12819
110820,3023,12819
110821,3631,12819
110822,3741,12819
110823,5047,12955
110824,3721,12955
110825,3756,12955
110826,616,12955
110827,4153,12550
110828,54,12550
110829,3739,12550
110830,2040,12550
110831,529,12907
110832,4912,12907
110833,636,12907
110834,2984,12907
110835,2641,12832
110836,1885,12832
110837,724,12832
110838,1250,12832
110839,3085,12764
110840,2291,12859
110841,5076,12859
110842,561,12859
110843,1106,12859
110844,4482,13014
110845,534,13014
110846,139,13014
110847,2683,13014
110848,3435,12840
110849,3938,12894
110850,360,12894
110851,738,12894
110852,4230,12894
110853,5033,12934
110854,2916,12934
110855,121,12934
110856,2102,12785
110857,834,12785
110858,1734,12785
110859,2442,12785
110860,2487,12535
110861,77,12634
110862,2138,12634
110863,2572,12634
110864,3785,12634
110865,4424,12572
110866,3467,12572
110867,4981,12572
110868,2316,12572
110869,3604,12831
110870,4390,12831
110871,442,12831
110872,1005,12831
110873,2325,12533
110874,3173,12533
110875,2867,12533
110876,4200,12533
110877,4727,12951
110878,4406,12951
110879,2915,12951
110880,1314,12951
110881,4250,12725
110882,3341,12725
110883,1766,12725
110884,764,12725
110885,4991,12735
110886,1174,12735
110887,3229,12735
110888,3476,12735
110889,1538,12668
110890,3024,12668
110891,2150,12668
110892,1926,12668
110893,931,12924
110894,2722,12924
110895,260,12924
110896,3731,12924
110897,2463,12684
110898,1336,12684
110899,2216,12684
110900,2816,12684
110901,280,12606
110902,1487,12606
110903,457,12606
110904,1587,12606
110905,2287,12873
110906,2176,12873
110907,592,12873
110908,130,12873
110909,3805,12759
110910,3972,12790
110911,4971,12697
110912,248,12697
110913,2467,12697
110914,3723,12697
110915,4677,12849
110916,2049,12849
110917,953,13000
110918,4900,13000
110919,1028,12629
110920,3346,12629
110921,1238,12797
110922,1262,12797
110923,3957,12797
110924,1944,12797
110925,777,12646
110926,3291,12646
110927,4646,12646
110928,314,12646
110929,3538,12795
110930,2970,12795
110931,4317,12795
110932,331,12795
110933,3107,12749
110934,5079,12749
110935,2357,12749
110936,2612,12749
110937,3459,12749
110938,3661,12749
110939,3425,12749
110940,994,12640
110941,1654,12640
110942,455,12640
110943,1321,12640
110944,2829,12640
110945,1662,12640
110946,2171,12640
110947,2048,12699
110948,4647,12699
110949,952,12699
110950,3220,12699
110951,3827,12900
110952,1899,12900
110953,4730,12833
110954,3683,12833
110955,4923,12833
110956,230,12833
110957,1923,12517
110958,4078,12517
110959,2386,12491
110960,2653,12491
110961,5178,12491
110962,2535,12491
110963,2193,12973
110964,2606,12973
110965,1075,12973
110966,4917,12973
110967,5192,12497
110968,599,12497
110969,5170,12497
110970,53,12497
110971,4456,12899
110972,4909,12899
110973,3667,12899
110974,541,12899
110975,3185,12515
110976,4244,12701
110977,1483,12701
110978,3858,12701
110979,4660,12701
110980,3646,12701
110981,3236,12816
110982,4790,12627
110983,4932,12627
110984,2154,12627
110985,1247,12627
110986,3372,12636
110987,4431,12636
110988,2706,12636
110989,262,12636
110990,1445,12504
110991,2075,12504
110992,3006,12504
110993,2787,12504
110994,320,12935
110995,4161,12935
110996,259,12935
110997,4195,12935
110998,788,12665
110999,4628,12665
111000,1793,12748
111001,4926,12496
111002,4211,12496
111003,1271,12496
111004,2531,12496
111005,128,12539
111006,1373,12539
111007,981,12539
111008,2945,12539
111009,3898,12772
111010,4864,12772
111011,2409,12695
111012,476,12695
111013,555,12695
111014,1729,12695
111015,4833,12532
111016,3062,12877
111017,4335,12476
111018,884,12476
111019,3929,12476
111020,2892,12476
111021,2707,12679
111022,239,12679
111023,2052,12679
111024,2839,12679
111025,1223,12527
111026,829,12527
111027,2729,12527
111028,355,12527
111029,5036,12596
111030,4539,12596
111031,854,12596
111032,3808,12596
111033,432,12826
111034,2074,12826
111035,3466,12826
111036,3421,12650
111037,3184,12650
111038,2732,12650
111039,4674,12940
111040,218,12940
111041,4363,12940
111042,3242,12940
111043,1401,12804
111044,4011,12804
111045,2312,12804
111046,3240,12804
111047,2994,12957
111048,345,12852
111049,866,12852
111050,5091,12852
111051,2717,12852
111052,696,12534
111053,4949,12534
111054,4169,12534
111055,3365,12534
111056,99,12800
111057,4391,12800
111058,1922,12800
111059,1307,12800
111060,536,12546
111061,4475,12546
111062,475,12546
111063,4765,12546
111064,2129,12763
111065,3597,12763
111066,506,12763
111067,186,12763
111068,5134,12932
111069,4098,12932
111070,5203,12932
111071,1840,12932
111072,2497,12999
111073,3984,12999
111074,437,12999
111075,4630,12999
111076,443,12874
111077,3271,12874
111078,1709,12874
111079,3516,12874
111080,687,12780
111081,4950,12780
111082,1788,12780
111083,4929,12780
111084,4285,12661
111085,3163,12661
111086,4588,12661
111087,4507,12661
111088,2488,12888
111089,4251,12888
111090,3662,12888
111091,3992,12888
111092,2185,12995
111093,204,12995
111094,3215,12995
111095,307,12995
111096,133,12798
111097,294,12798
111098,3351,12798
111099,4863,12798
111100,2562,12523
111101,187,12523
111102,917,12523
111103,4066,12523
111104,192,12551
111105,413,12551
111106,4552,12551
111107,2835,12551
111108,4492,12632
111109,631,12632
111110,4984,12632
111111,3701,12632
111112,2211,12784
111113,98,12784
111114,1813,12499
111115,750,12499
111116,1050,12499
111117,995,12499
111118,4670,12937
111119,4501,12937
111120,1379,12937
111121,283,12937
111122,2704,12687
111123,2652,12687
111124,421,12687
111125,3506,12687
111126,118,12756
111127,1368,12756
111128,2493,12756
111129,1455,12756
111130,34,12921
111131,1868,12921
111132,3270,12921
111133,2630,12921
111134,1872,12968
111135,4403,12968
111136,4737,12968
111137,3944,12968
111138,1774,12549
111139,1518,12549
111140,3451,12549
111141,4426,12549
111142,745,12903
111143,3300,12903
111144,3347,12903
111145,4593,12903
111146,368,12854
111147,2635,12854
111148,4533,12854
111149,3762,12854
111150,614,12896
111151,3393,12896
111152,238,12896
111153,2764,12896
111154,3201,12925
111155,257,12925
111156,776,12669
111157,3197,12669
111158,4067,12669
111159,2853,12741
111160,2059,12741
111161,1630,12741
111162,5128,12741
111163,1384,12605
111164,2589,12605
111165,752,12605
111166,3162,12605
111167,1758,12586
111168,1731,12586
111169,2950,12586
111170,4183,12586
111171,4495,12586
111172,4108,12586
111173,2037,12846
111174,1206,12846
111175,1195,12846
111176,2770,12846
111177,2203,12771
111178,2007,12771
111179,4277,12771
111180,3187,12771
111181,428,12810
111182,4865,12810
111183,509,12810
111184,971,12810
111185,3922,13003
111186,4928,13003
111187,2095,13003
111188,3065,13003
111189,2626,12558
111190,1895,12558
111191,1781,12558
111192,622,12558
111193,2482,12619
111194,4297,12619
111195,3954,12619
111196,1980,12619
111197,2340,12822
111198,5082,12822
111199,349,12822
111200,1827,12822
111201,2552,12867
111202,756,12867
111203,4606,12867
111204,152,12867
111205,4158,12649
111206,4768,12649
111207,4026,12649
111208,1595,12641
111209,2775,12641
111210,2781,12641
111211,2618,12641
111212,4757,12475
111213,2281,12475
111214,3089,12475
111215,902,12475
111216,2352,12936
111217,1998,12936
111218,2492,12936
111219,5053,12936
111220,3181,12983
111221,1277,12983
111222,4252,12879
111223,1851,12879
111224,2232,12879
111225,1396,12879
111226,1687,12703
111227,4554,12703
111228,2289,12703
111229,4061,12703
111230,2913,12602
111231,1933,12602
111232,1546,12602
111233,1082,12602
111234,3381,12602
111235,3038,12602
111236,768,12602
111237,3791,12602
111238,2972,13013
111239,4373,13013
111240,1350,13013
111241,754,13013
111242,1626,13004
111243,3427,13004
111244,2967,13004
111245,1419,13004
111246,1929,12707
111247,2942,12707
111248,598,12707
111249,492,12707
111250,2149,12580
111251,3533,12990
111252,1363,12990
111253,1815,12990
111254,2092,12990
111255,1573,12997
111256,4121,12997
111257,3227,12997
111258,3195,12997
111259,1080,12513
111260,4927,12513
111261,4040,12513
111262,490,12513
111263,2301,12645
111264,1999,12645
111265,2369,12645
111266,2367,12645
111267,5140,12495
111268,447,12495
111269,201,12495
111270,4267,12495
111271,1972,12720
111272,1056,12720
111273,3928,12720
111274,2153,12720
111275,2799,12885
111276,4754,12885
111277,1873,12885
111278,2168,12885
111279,3775,12595
111280,435,12595
111281,390,12595
111282,4775,12595
111283,2273,12933
111284,779,12933
111285,463,12933
111286,4035,12933
111287,3700,12694
111288,3718,12518
111289,1355,12518
111290,1099,12731
111291,2586,12731
111292,1324,12731
111293,1356,12731
111294,3355,13006
111295,4740,13006
111296,3485,13006
111297,2288,13006
111298,4247,12672
111299,4691,12738
111300,4780,12738
111301,5120,12738
111302,2660,12738
111303,3890,12809
111304,2504,12809
111305,3754,12809
111306,40,12809
111307,664,12726
111308,3734,12726
111309,3175,12726
111310,4367,12726
111311,2033,12948
111312,2338,12948
111313,265,12948
111314,4299,12948
111315,765,12706
111316,2376,12706
111317,2570,12706
111318,111,12706
111319,4787,12683
111320,518,12683
111321,2140,12683
111322,909,12683
111323,65,12609
111324,4565,12609
111325,4000,12609
111326,1911,12788
111327,686,12788
111328,1914,12511
111329,2767,12511
111330,1721,12511
111331,4119,12511
111332,1884,12614
111333,3595,12614
111334,1878,12614
111335,4813,12614
111336,3193,12614
111337,618,12614
111338,1965,12994
111339,2385,12994
111340,588,12994
111341,4600,12994
111342,4245,12717
111343,1869,12920
111344,1199,12920
111345,170,12920
111346,3404,12920
111347,2928,12886
111348,4389,12886
111349,4702,12886
111350,2486,12886
111351,3743,12745
111352,1276,12745
111353,730,12745
111354,549,12745
111355,1905,12796
111356,612,12796
111357,1531,12796
111358,4052,12796
111359,406,12719
111360,2847,12719
111361,2836,12996
111362,2689,12996
111363,1684,12996
111364,33,12996
111365,1702,12768
111366,1894,12768
111367,4444,12590
111368,2851,12590
111369,1986,12590
111370,4637,12590
111371,1664,12870
111372,2094,12870
111373,2030,12871
111374,2766,12871
111375,658,12740
111376,1589,12740
111377,3186,12740
111378,4309,12617
111379,124,12617
111380,4375,12617
111381,4934,12915
111382,528,12915
111383,676,12915
111384,3265,12915
111385,1514,12742
111386,429,12742
111387,1772,12742
111388,308,12742
111389,3468,12964
111390,363,12964
111391,2973,12964
111392,1829,12964
111393,2550,12811
111394,2485,12811
111395,3245,12811
111396,2762,12811
111397,4872,12817
111398,1367,12817
111399,2093,12817
111400,4142,12817
111401,1845,12557
111402,4665,12557
111403,2947,12557
111404,2172,12557
111405,5150,12737
111406,1866,12737
111407,4524,12737
111408,2073,12737
111409,181,12909
111410,2122,12909
111411,2009,12909
111412,4985,12909
111413,253,12582
111414,1164,12582
111415,3804,12582
111416,1,12582
111417,2360,12612
111418,3022,12612
111419,789,12612
111420,1979,12612
111421,907,12904
111422,4808,12904
111423,882,12904
111424,2223,12904
111425,990,12623
111426,303,12623
111427,1677,12613
111428,2024,12613
111429,877,12613
111430,2272,12613
111431,3994,12733
111432,4491,12733
111433,206,12733
111434,1831,12733
111435,4004,12914
111436,672,12914
111437,3003,12914
111438,1617,12914
111439,1997,12526
111440,3697,12526
111441,3036,12526
111442,2479,12526
111443,2842,12843
111444,3119,12843
111445,4708,12843
111446,1332,12843
111447,1777,12498
111448,4172,12498
111449,1181,12498
111450,894,12498
111451,1966,12482
111452,35,12644
111453,3170,12644
111454,2430,12644
111455,1943,12644
111456,4028,12918
111457,4753,12918
111458,1129,12918
111459,4218,12918
111460,1331,12755
111461,1592,12755
111462,4683,12736
111463,4025,12736
111464,1448,12736
111465,4516,12736
111466,279,12853
111467,1733,12853
111468,3534,12853
111469,4579,12853
111470,3690,12520
111471,746,12520
111472,2179,12520
111473,4892,12520
111474,1984,12866
111475,785,12866
111476,350,12866
111477,80,12866
111478,3601,12486
111479,3788,12486
111480,3540,12486
111481,2220,12486
111482,3637,12552
111483,2099,12552
111484,1900,12552
111485,579,12552
111486,1501,12554
111487,3806,12554
111488,1765,12554
111489,3862,12554
111490,3382,12881
111491,4487,12881
111492,3206,12881
111493,1094,12881
111494,5078,13009
111495,3161,13009
111496,1675,13009
111497,2053,13009
111498,5179,12578
111499,675,12578
111500,3334,12578
111501,4798,12578
111502,1603,12856
111503,4209,12856
111504,285,12856
111505,1883,12856
111506,4128,12489
111507,606,12489
111508,1216,12976
111509,1700,12976
111510,4975,12976
111511,3052,12976
111512,404,12801
111513,4198,12801
111514,3402,12801
111515,1956,12801
111516,1551,12837
111517,102,12837
111518,2353,12837
111519,354,12837
111520,1451,12583
111521,4973,12583
111522,1297,12583
111523,1753,12583
111524,1109,12671
111525,3917,12671
111526,399,12671
111527,2703,12671
111528,2135,12734
111529,3608,12734
111530,3295,12734
111531,4667,12734
111532,3879,12728
111533,665,12728
111534,1891,12728
111535,3304,12728
111536,2309,12910
111537,1856,12754
111538,3430,12754
111539,644,12754
111540,3208,12754
111541,271,12565
111542,4816,12565
111543,137,12565
111544,1131,12565
111545,4355,12521
111546,2509,12521
111547,3766,12521
111548,852,12521
111549,174,12577
111550,1849,12567
111551,4663,12567
111552,1732,12567
111553,3946,12567
111554,1841,12514
111555,2279,12514
111556,1674,12514
111557,919,12514
111558,4130,12855
111559,1290,12855
111560,1310,12647
111561,2591,12647
111562,3627,12647
111563,4714,12647
111564,2804,12834
111565,1031,12834
111566,2014,12834
111567,2818,12834
111568,4122,12892
111569,4462,12892
111570,667,12892
111571,2420,12892
111572,928,12635
111573,3633,12635
111574,3995,12635
111575,4083,12635
111576,3893,12962
111577,235,12962
111578,4323,12962
111579,1105,12962
111580,4599,12929
111581,4076,12929
111582,720,12929
111583,4910,12929
111584,2796,12569
111585,3263,12569
111586,2344,12569
111587,3975,12569
111588,3039,12637
111589,4751,12637
111590,4851,12637
111591,1748,12637
111592,109,12570
111593,876,12570
111594,3531,12570
111595,1637,12570
111596,150,12593
111597,3434,12746
111598,1160,12746
111599,1012,12746
111600,2239,12746
111601,1740,12584
111602,48,12584
111603,3532,12584
111604,3585,12584
111605,2019,12965
111606,41,12965
111607,2923,12965
111608,723,12965
111609,2646,12530
111610,3251,12530
111611,778,12530
111612,2051,12530
111613,3051,12960
111614,2898,12960
111615,5198,12960
111616,2617,12960
111617,3235,12718
111618,850,12718
111619,4699,12718
111620,3911,12718
111621,4189,12492
111622,878,12492
111623,3616,12501
111624,513,12501
111625,520,12781
111626,2557,12781
111627,216,12781
111628,2834,12781
111629,3880,12628
111630,699,12628
111631,1830,12628
111632,92,12628
111633,2759,12688
111634,4540,12688
111635,4752,12688
111636,2727,12688
111637,3290,12686
111638,4449,12686
111639,717,12686
111640,162,12686
111641,4560,12666
111642,1425,12666
111643,122,12666
111644,926,12666
111645,3602,12943
111646,3132,12943
111647,923,12943
111648,2556,12943
111649,965,12938
111650,416,12938
111651,1669,12938
111652,2971,12938
111653,1615,12702
111654,3724,12702
111655,5119,12702
111656,2178,12702
111657,5122,12723
111658,3326,12723
111659,3781,12473
111660,1478,12897
111661,1428,12897
111662,71,12799
111663,5126,12799
111664,1756,12625
111665,4384,12625
111666,3571,12625
111667,2765,12625
111668,3460,12769
111669,3682,12769
111670,3997,12769
111671,3453,12769
111672,5154,12958
111673,2275,12958
111674,1033,12958
111675,807,12958
111676,2840,12573
111677,1077,12573
111678,2697,12573
111679,3500,12573
111680,4034,12724
111681,2362,12724
111682,1903,12724
111683,4088,12724
111684,2276,12961
111685,166,12961
111686,84,12961
111687,1803,12961
111688,3150,12642
111689,4202,12642
111690,2633,12642
111691,3122,12642
111692,3067,12792
111693,135,12792
111694,2507,12610
111695,4382,12610
111696,1579,12610
111697,1320,12485
111698,1790,12485
111699,78,12485
111700,1562,12485
111701,1325,12789
111702,4988,12789
111703,1103,12789
111704,2961,12789
111705,749,12970
111706,4745,12970
111707,2828,12970
111708,1717,12970
111709,1267,12926
111710,1168,12926
111711,2924,12926
111712,1079,12926
111713,3017,12690
111714,1029,12690
111715,3338,12690
111716,59,12690
111717,1431,12579
111718,2669,12579
111719,2380,12579
111720,861,12579
111721,5089,12786
111722,4558,12559
111723,3733,12559
111724,1096,12559
111725,1459,12559
111726,3307,12594
111727,1771,12594
111728,4180,12594
111729,1581,12594
111730,3070,12889
111731,4820,12889
111732,4357,12889
111733,645,12484
111734,254,12484
111735,4518,12484
111736,5071,12484
111737,3848,12484
111738,4782,12484
111739,3388,12585
111740,4612,12585
111741,4654,12974
111742,3299,12974
111743,4139,12813
111744,3135,12813
111745,2501,12813
111746,1893,12813
111747,4583,12691
111748,3877,12691
111749,3536,12691
111750,1374,12691
111751,4074,12654
111752,1376,12654
111753,4293,12654
111754,213,12654
111755,2963,12747
111756,3364,12991
111757,1853,12991
111758,2189,12991
111759,3027,12991
111760,4639,12587
111761,1692,12587
111762,3561,12587
111763,1962,12587
111764,1221,12844
111765,638,12844
111766,3153,12844
111767,1477,12844
111768,46,12984
111769,431,12984
111770,853,12984
111771,1488,12984
111772,2733,12680
111773,1864,12680
111774,3982,12680
111775,1115,12680
111776,4222,12778
111777,830,12778
111778,466,12778
111779,2545,12778
111780,4295,12616
111781,3905,12616
111782,4427,12616
111783,2625,12616
111784,2673,12541
111785,3225,12541
111786,3180,12541
111787,826,12541
111788,2131,12722
111789,889,12722
111790,4192,12722
111791,1044,12722
111792,1993,12597
111793,4825,12597
111794,160,12597
111795,2693,12597
111796,4348,12621
111797,4255,12979
111798,76,12979
111799,2227,12979
111800,2962,12979
111801,30,12696
111802,1987,12696
111803,1566,12696
111804,4812,12696
111805,3863,12708
111806,862,12708
111807,3647,12708
111808,1418,12708
111809,4716,12908
111810,1007,12908
111811,3447,12908
111812,1834,12908
111813,3779,12891
111814,4283,12891
111815,5002,12739
111816,2576,12739
111817,5038,12739
111818,1971,12739
111819,729,12714
111820,761,12714
111821,5176,12714
111822,3913,12714
111823,3020,12787
111824,4965,12693
111825,1229,12693
111826,4242,12693
111827,3498,12693
111828,327,12750
111829,2351,12750
111830,3337,12750
111831,3803,12750
111832,846,12545
111833,2656,12545
111834,3329,12545
111835,4064,12545
111836,2201,12963
111837,3845,12963
111838,4505,12963
111839,3600,12963
111840,1623,12875
111841,3610,12875
111842,1426,12875
111843,3587,12875
111844,47,12884
111845,1673,12884
111846,449,12884
111847,3243,12884
111848,1045,12562
111849,202,12562
111850,3596,12562
111851,4194,12562
111852,1596,12766
111853,4466,12766
111854,281,12766
111855,2298,12766
111856,4137,13016
111857,15,13016
111858,2680,13016
111859,342,13016
111860,4275,12941
111861,5195,12941
111862,4490,12941
111863,3974,12941
111864,5191,12898
111865,4024,12898
111866,3713,12898
111867,1799,12898
111868,2798,12806
111869,1003,12806
111870,4519,12806
111871,159,12806
111872,634,12689
111873,2671,12689
111874,4534,12689
111875,3502,12689
111876,2177,12653
111877,4126,12653
111878,3280,12971
111879,1670,12971
111880,552,12971
111881,3576,12971
111882,2460,12622
111883,910,12622
111884,3103,12622
111885,3679,12622
111886,783,12512
111887,3090,12512
111888,352,12512
111889,3628,12512
111890,5057,12945
111891,326,12945
111892,4304,12945
111893,4048,12945
111894,4619,12537
111895,334,12537
111896,1293,12537
111897,1584,12537
111898,3859,12767
111899,511,12767
111900,535,12767
111901,2934,12767
111902,4978,12662
111903,2636,12662
111904,896,12662
111905,806,12777
111906,4411,12506
111907,3952,12506
111908,105,12506
111909,4916,12506
111910,1556,12987
111911,1688,12987
111912,3252,12987
111913,1542,12663
111914,1679,12663
111915,4483,12663
111916,845,12663
111917,3171,12836
111918,3424,12836
111919,4429,12836
111920,2408,12836
111921,29,12480
111922,704,12480
111923,642,12480
111924,2371,12480
111925,1185,12820
111926,4801,12820
111927,1882,12820
111928,2165,12820
111929,2622,12677
111930,4849,12677
111931,2757,12677
111932,3582,12677
111933,4043,12692
111934,4099,12692
111935,221,12692
111936,1457,12692
111937,4332,12676
111938,2519,12761
111939,2254,12761
111940,4070,12761
111941,3591,12761
111942,2224,12705
111943,2690,12705
111944,3407,12705
111945,2843,12705
111946,5200,12505
111947,346,12505
111948,2234,12505
111949,461,12505
111950,570,12902
111951,4906,12902
111952,4315,12902
111953,1961,13002
111954,3054,13002
111955,3835,12793
111956,2071,12555
111957,5064,12555
111958,5149,12555
111959,1305,12555
111960,3868,12655
111961,351,12655
111962,4246,12655
111963,4698,12655
111964,2603,12922
111965,3128,12922
111966,3714,12922
111967,731,12922
111968,4286,12975
111969,1659,12975
111970,1887,12591
111971,119,12591
111972,3530,12591
111973,694,12591
111974,4236,12954
111975,3936,12954
111976,997,12954
111977,674,12954
111978,2978,12574
111979,1874,12574
111980,3332,12574
111981,2588,12574
111982,1364,12561
111983,2983,12561
111984,5011,12561
111985,3331,12838
111986,602,12838
111987,1111,12838
111988,3843,12838
111989,3529,12540
111990,439,12540
111991,3247,12540
111992,547,12540
111993,392,12540
111994,4977,12540
111995,1989,12540
111996,1339,12540
111997,2597,12883
111998,1738,12883
111999,3693,12883
112000,2416,12883
112001,3849,12600
112002,963,12600
112003,1571,12600
112004,4703,12600
112005,1735,12704
112006,391,12704
112007,601,12704
112008,3904,12704
112009,1143,12721
112010,1836,12721
112011,1701,12721
112012,1930,12721
112013,1338,12919
112014,2753,12919
112015,5041,12765
112016,4458,12765
112017,1848,12765
112018,1041,12765
112019,232,12611
112020,734,12611
112021,803,12670
112022,4616,12670
112023,574,12670
112024,1357,12670
112025,2774,12969
112026,3670,12969
112027,4890,12969
112028,560,12969
112029,4215,12814
112030,526,12814
112031,1537,12814
112032,4982,12814
112033,3711,12791
112034,4996,12791
112035,4517,12791
112036,1924,12791
112037,2418,12982
112038,903,12982
112039,3768,12982
112040,661,12982
112041,5050,12674
112042,1343,12674
112043,1334,12674
112044,4528,12674
112045,3320,12993
112046,1645,12993
112047,2737,12905
112048,832,12905
112049,1205,12905
112050,4725,12905
112051,2078,12700
112052,841,12700
112053,436,12700
112054,353,12700
112055,3607,12624
112056,376,12624
112057,2856,12624
112058,4840,12624
112059,2523,12864
112060,2763,12861
112061,970,12861
112062,2577,12981
112063,2375,12981
112064,62,12981
112065,4707,12744
112066,2002,12744
112067,3844,12744
112068,3503,12744
112069,2295,12548
112070,4376,12548
112071,3588,12548
112072,1865,12548
112073,3915,12775
112074,2974,12775
112075,3712,12775
112076,4144,12775
112077,3359,12571
112078,328,12571
112079,781,12571
112080,1797,12571
112081,1073,12824
112082,5023,12824
112083,1945,12824
112084,3260,12824
112085,2965,12544
112086,4197,12544
112087,208,12544
112088,1134,12544
112089,4289,12751
112090,1977,12536
112091,2293,12536
112092,4281,12917
112093,1224,12917
112094,4294,12917
112095,4023,12917
112096,4800,12538
112097,2720,12538
112098,1886,12538
112099,2503,12538
112100,1046,12630
112101,4855,12630
112102,482,12630
112103,3973,12630
112104,4484,12760
112105,2538,12760
112106,2215,12760
112107,581,12760
112108,2691,12563
112109,3523,12563
112110,2860,12563
112111,652,12563
112112,906,12841
112113,114,12841
112114,3302,12841
112115,1800,12841
112116,1327,12847
112117,3864,12847
112118,397,12847
112119,1388,12847
112120,2015,12525
112121,4970,12525
112122,318,12525
112123,514,12525
112124,810,12821
112125,1154,12821
112126,409,12821
112127,4346,12821
112128,3810,12633
112129,2500,12633
112130,2657,12713
112131,670,12713
112132,759,12713
112133,2407,12713
112134,425,12477
112135,1015,12477
112136,3842,12727
112137,1666,12727
112138,2384,12727
112139,3777,12727
112140,1655,12845
112141,2982,12845
112142,2731,12845
112143,4269,12845
112144,3004,12503
112145,2510,12503
112146,3930,12818
112147,3228,12966
112148,4257,12966
112149,4700,12966
112150,1256,12966
112151,4924,12710
112152,2238,12710
112153,2413,12710
112154,1200,12794
112155,4016,12794
112156,2837,12794
112157,3635,12794
112158,5189,12802
112159,4393,12802
112160,1665,12802
112161,4726,12802
112162,2489,13005
112163,147,13005
112164,2866,13005
112165,3833,13005
112166,3164,12604
112167,2104,12604
112168,1000,12604
112169,2058,12604
112170,554,12589
112171,2082,12589
112172,5072,12589
112173,4904,12589
112174,4270,12564
112175,1751,12564
112176,637,12564
112177,2518,12564
112178,4546,12509
112179,900,12509
112180,3264,12509
112181,4307,12509
112182,2529,12542
112183,3772,12542
112184,1381,12542
112185,4969,12542
112186,2755,12488
112187,3939,12488
112188,1147,12488
112189,1092,12488
112190,1605,12770
112191,3916,12770
112192,3257,12770
112193,2379,12770
112194,4943,12743
112195,4838,12743
112196,1780,12743
112197,3717,12743
112198,2323,12916
112199,858,12916
112200,1727,12916
112201,4331,12916
112202,3857,12716
112203,2230,12716
112204,3605,12716
112205,1660,12716
112206,1233,12989
112207,2008,12989
112208,3998,12989
112209,3092,12989
112210,2495,12876
112211,261,12876
112212,1787,12876
112213,1507,12876
112214,3391,12783
112215,5004,12783
112216,464,12783
112217,1183,12783
112218,4553,12911
112219,4832,12911
112220,3446,12911
112221,3684,12911
112222,3358,12601
112223,837,12601
112224,222,12601
112225,3728,12601
112226,713,12828
112227,3259,12828
112228,3900,12828
112229,4634,12828
112230,1613,12660
112231,3375,12660
112232,4767,12660
112233,3892,12660
112234,1640,12998
112235,5148,12998
112236,1712,12998
112237,1081,12998
112238,2067,12667
112239,5164,12667
112240,3254,12667
112241,932,12667
112242,4526,12773
112243,372,12773
112244,4942,12773
112245,4792,12773
112246,4419,12923
112247,4649,12923
112248,2975,12923
112249,584,12923
112250,3178,12553
112251,683,12553
112252,1430,12553
112253,1647,12553
112254,4360,12560
112255,1010,12560
112256,2661,12560
112257,2080,12560
112258,2403,13010
112259,1186,13010
112260,5070,13010
112261,2047,13010
112262,4381,12858
112263,5080,12858
112264,3384,12858
112265,3969,12858
112266,1938,12865
112267,576,12865
112268,4274,12865
112269,3574,12835
112270,3626,12835
112271,3846,12835
112272,4954,12835
112273,1423,12807
112274,5141,12807
112275,1691,12807
112276,2428,12807
112277,3659,12830
112278,1385,12830
112279,2133,12830
112280,1467,12830
112281,2278,12953
112282,2432,12953
112283,1683,12953
112284,2290,12953
112285,3615,12878
112286,158,12878
112287,4828,12878
112288,322,12878
112289,2305,12730
112290,1335,12730
112291,1102,12730
112292,2808,12950
112293,4129,12950
112294,2359,12950
112295,1730,12950
112296,1888,12510
112297,1610,12510
112298,2303,12510
112299,51,12510
112300,2166,12880
112301,3853,12880
112302,3867,12880
112303,2027,12880
112304,3524,12927
112305,1059,12927
112306,1550,12815
112307,4039,12815
112308,1157,12815
112309,4580,12985
112310,3501,12985
112311,2951,12985
112312,2116,12985
112313,4371,12682
112314,4151,12682
112315,1447,12682
112316,2899,12682
112317,2310,12543
112318,567,12543
112319,3357,12543
112320,1607,12543
112321,774,12803
112322,2147,12803
112323,1693,12803
112324,2581,12803
112325,4645,12906
112326,2533,12906
112327,1844,12599
112328,5084,12599
112329,650,12599
112330,2537,12599
112331,4941,12895
112332,2412,12895
112333,647,12895
112334,1547,12895
112335,324,12575
112336,3443,12575
112337,628,12575
112338,517,12575
112339,1145,12620
112340,2602,12620
112341,2792,12620
112342,1676,12620
112343,920,12893
112344,3990,12893
112345,3634,12893
112346,3989,12893
112347,4819,12762
112348,3675,12762
112349,42,12762
112350,381,12762
112351,2468,12850
112352,1490,12850
112353,646,12850
112354,4710,12850
112355,782,12862
112356,1802,12862
112357,2648,12862
112358,4547,12862
112359,2877,12729
112360,2814,12729
112361,2520,12729
112362,1858,12729
112363,2196,12928
112364,3440,12928
112365,113,12928
112366,3144,12928
112367,3297,12779
112368,212,12479
112369,3374,12519
112370,3866,12519
112371,4051,12519
112372,945,12882
112373,1960,12882
112374,4002,12882
112375,972,12882
112376,2841,13015
112377,1150,13015
112378,2322,13015
112379,3878,13015
112380,2674,12890
112381,1245,12890
112382,4395,12890
112383,1036,12825
112384,2870,12825
112385,5137,12825
112386,5075,12825
112387,2247,12776
112388,87,12776
112389,1349,12776
112390,5086,12776
112391,4196,12487
112392,996,12487
112393,2750,12487
112394,286,12487
112395,2623,12681
112396,1051,12681
112397,2768,12681
112398,3652,12681
112399,2315,12576
112400,3385,12576
112401,4735,12576
112402,2306,12576
112403,3330,12980
112404,594,12980
112405,2631,12980
112406,2025,12980
112407,4168,12603
112408,3145,12603
112409,414,12603
112410,1436,12603
112411,1413,12581
112412,4625,12581
112413,4870,12581
112414,635,12581
112415,3084,12566
112416,1597,12566
112417,1543,12566
112418,4974,12566
112419,4329,12956
112420,597,12956
112421,2590,12956
112422,4676,12956
112423,3487,12502
112424,505,12502
112425,689,12502
112426,655,12502
112427,1737,12516
112428,2209,12516
112429,1804,12516
112430,556,12516
112431,3277,12592
112432,2345,12592
112433,3906,12685
112434,540,12685
112435,957,12685
112436,3450,12685
112437,809,12949
112438,1001,12949
112439,2745,12949
112440,1074,12949
112441,3138,12930
112442,2650,12930
112443,1747,12930
112444,4551,12930
112445,3082,12901
112446,5160,12869
112447,2540,12869
112448,3497,12869
112449,2968,12869
112450,3836,12656
112451,2744,12656
112452,388,12656
112453,3457,12656
112454,671,12992
112455,1651,12992
112456,5031,12992
112457,532,12782
112458,4407,12782
112459,1609,12782
112460,1380,12782
112461,1560,12547
112462,2244,12547
112463,3509,12547
112464,3232,12547
112465,3583,12808
112466,2852,12808
112467,767,12808
112468,3660,12808
112469,516,12474
112470,1068,12474
112471,1095,12474
112472,405,12474
112473,4933,12872
112474,1629,12872
112475,3872,12872
112476,1871,12872
112477,4342,12652
112478,1076,12652
112479,3504,12652
112480,8,12839
112481,75,12839
112482,3200,12588
112483,4451,12588
112484,4581,12588
112485,96,12588
112486,2536,12618
112487,4937,12618
112488,3855,12493
112489,385,12493
112490,2381,12493
112491,2335,12493
112492,4080,12598
112493,2426,12598
112494,1372,12598
112495,3830,12598
112496,3480,12494
112497,740,12494
112498,1575,12494
112499,1699,12494
112500,1795,12481
112501,2423,12842
112502,1728,12842
112503,4748,12842
112504,4225,12842
112505,4464,12757
112506,1242,12757
112507,423,12757
112508,2643,12657
112509,1289,12657
112510,559,12657
112511,2861,12657
112512,498,12638
112513,3183,12638
112514,1038,12638
112515,1416,12638
112516,2880,12675
112517,3474,12675
112518,302,12675
112519,1745,12675
112520,4736,12715
112521,4940,12715
112522,2208,12715
112523,2151,12715
112524,5186,12752
112525,3482,12752
112526,4339,12615
112527,4723,12615
112528,2813,12615
112529,4523,12615
112530,5040,12508
112531,1967,12829
112532,849,12829
112533,607,12829
112534,739,12829
112535,24,13008
112536,1574,13008
112537,79,13012
112538,3987,13012
112539,4338,13012
112540,3286,13012
112541,3098,12524
112542,3442,12524
112543,1287,12524
112544,706,12524
112545,2155,12805
112546,426,12805
112547,3748,12805
112548,3824,12805
112549,69,12812
112550,5139,12812
112551,1927,12812
112552,2265,12812
112553,1415,12939
112554,3956,12939
112555,3918,12939
112556,4306,12939
112557,2101,12664
112558,2901,12664
112559,1838,12639
112560,4018,12639
112561,623,12639
112562,3537,12639
112563,3562,12528
112564,3851,12528
112565,343,12528
112566,2907,12528
112567,3642,12946
112568,2164,12946
112569,1570,12946
112570,4241,12946
112571,4181,13007
112572,4946,13007
112573,1280,13007
112574,4627,12607
112575,2261,12607
112576,733,12607
112577,2846,12607
112578,4214,12952
112579,1084,12952
112580,5142,12952
112581,225,12952
112582,4213,12659
112583,1880,12659
112584,459,12659
112585,500,12659
112586,1657,12986
112587,5157,12986
112588,1936,12986
112589,3598,12986
112590,4831,12857
112591,2514,12857
112592,438,12857
112593,2368,12942
112594,3266,12860
112595,1725,12860
112596,1097,12863
112597,1027,12863
112598,3926,12863
112599,3309,12863
112600,2938,12774
112601,4995,12774
112602,2858,12774
112603,4841,12774
112604,2038,12626
